Generation,mean_Always Cooperate,ci_low_Always Cooperate,ci_high_Always Cooperate,mean_Always Defect,ci_low_Always Defect,ci_high_Always Defect,mean_Tit for Tat,ci_low_Tit for Tat,ci_high_Tit for Tat,mean_Tit for Two Tats,ci_low_Tit for Two Tats,ci_high_Tit for Two Tats,mean_Suspicious Tit for Tat,ci_low_Suspicious Tit for Tat,ci_high_Suspicious Tit for Tat,mean_Generous Tit for Tat,ci_low_Generous Tit for Tat,ci_high_Generous Tit for Tat,mean_Pavlov,ci_low_Pavlov,ci_high_Pavlov,mean_Grudger,ci_low_Grudger,ci_high_Grudger,mean_Random,ci_low_Random,ci_high_Random,mean_Gradual Tit for Tat,ci_low_Gradual Tit for Tat,ci_high_Gradual Tit for Tat,mean_Nice by Nature,ci_low_Nice by Nature,ci_high_Nice by Nature,mean_Adaptive,ci_low_Adaptive,ci_high_Adaptive,mean_Contrite Tit for Tat,ci_low_Contrite Tit for Tat,ci_high_Contrite Tit for Tat,mean_Probing Tit for Tat,ci_low_Probing Tit for Tat,ci_high_Probing Tit for Tat
0,0.075000,0.075000,0.075000,0.075000,0.075000,0.075000,0.075000,0.075000,0.075000,0.075000,0.075000,0.075000,0.070000,0.070000,0.070000,0.070000,0.070000,0.070000,0.070000,0.070000,0.070000,0.070000,0.070000,0.070000,0.070000,0.070000,0.070000,0.070000,0.070000,0.070000,0.070000,0.070000,0.070000,0.070000,0.070000,0.070000,0.070000,0.070000,0.070000,0.070000,0.070000,0.070000
1,0.008800,0.007017,0.010583,0.000000,0.000000,0.000000,0.065700,0.059688,0.071712,0.111000,0.098575,0.123425,0.000000,0.000000,0.000000,0.160800,0.134260,0.187340,0.165700,0.149831,0.181569,0.015400,0.013326,0.017474,0.002100,0.001012,0.003188,0.301200,0.292830,0.309570,0.137200,0.125898,0.148502,0.000400,0.000020,0.000780,0.029500,0.026404,0.032596,0.002200,0.001224,0.003176
2,0.038900,0.030457,0.047343,0.000000,0.000000,0.000000,0.202800,0.189380,0.216220,0.195300,0.179724,0.210876,0.000000,0.000000,0.000000,0.094200,0.070862,0.117538,0.113300,0.095451,0.131149,0.069300,0.059764,0.078836,0.000000,0.000000,0.000000,0.005400,0.002373,0.008427,0.152600,0.135621,0.169579,0.000000,0.000000,0.000000,0.128000,0.114260,0.141740,0.000200,-0.000074,0.000474
3,0.132200,0.109499,0.154901,0.000000,0.000000,0.000000,0.044000,0.028948,0.059052,0.053400,0.031712,0.075088,0.000000,0.000000,0.000000,0.124700,0.100927,0.148473,0.154400,0.124929,0.183871,0.199700,0.178690,0.220710,0.000000,0.000000,0.000000,0.025200,0.012529,0.037871,0.117600,0.089844,0.145356,0.000000,0.000000,0.000000,0.148300,0.125076,0.171524,0.000500,-0.000480,0.001480
4,0.136800,0.103500,0.170100,0.000000,0.000000,0.000000,0.109800,0.078340,0.141260,0.099900,0.067685,0.132115,0.000000,0.000000,0.000000,0.128300,0.099093,0.157507,0.101700,0.072108,0.131292,0.089000,0.063166,0.114834,0.000000,0.000000,0.000000,0.064100,0.037436,0.090764,0.136100,0.102768,0.169432,0.000000,0.000000,0.000000,0.132600,0.099492,0.165708,0.001700,-0.001632,0.005032
5,0.121500,0.082455,0.160545,0.000000,0.000000,0.000000,0.116000,0.081561,0.150439,0.096900,0.061826,0.131974,0.000000,0.000000,0.000000,0.146500,0.110851,0.182149,0.128500,0.088800,0.168200,0.121000,0.089226,0.152774,0.000000,0.000000,0.000000,0.048400,0.024725,0.072075,0.113600,0.080232,0.146968,0.000000,0.000000,0.000000,0.099900,0.066078,0.133722,0.007700,-0.007392,0.022792
6,0.096100,0.058773,0.133427,0.000000,0.000000,0.000000,0.143900,0.097125,0.190675,0.086300,0.055948,0.116652,0.000000,0.000000,0.000000,0.146200,0.104717,0.187683,0.107800,0.069198,0.146402,0.128100,0.093543,0.162657,0.000000,0.000000,0.000000,0.052300,0.025626,0.078974,0.102800,0.067604,0.137996,0.000000,0.000000,0.000000,0.136300,0.090996,0.181604,0.000200,-0.000192,0.000592
7,0.083400,0.051930,0.114870,0.000000,0.000000,0.000000,0.095300,0.061491,0.129109,0.092500,0.058692,0.126308,0.000000,0.000000,0.000000,0.113500,0.071565,0.155435,0.127300,0.086095,0.168505,0.131300,0.090731,0.171869,0.000000,0.000000,0.000000,0.069900,0.030044,0.109756,0.151500,0.105741,0.197259,0.000000,0.000000,0.000000,0.134500,0.089686,0.179314,0.000800,-0.000768,0.002368
8,0.102200,0.060309,0.144091,0.000000,0.000000,0.000000,0.131600,0.084657,0.178543,0.127800,0.082287,0.173313,0.000000,0.000000,0.000000,0.091000,0.054696,0.127304,0.106500,0.065983,0.147017,0.158000,0.110813,0.205187,0.000000,0.000000,0.000000,0.020800,0.004102,0.037498,0.122100,0.081634,0.162566,0.000000,0.000000,0.000000,0.136400,0.095771,0.177029,0.003600,-0.003456,0.010656
9,0.119100,0.074195,0.164005,0.000000,0.000000,0.000000,0.105200,0.066827,0.143573,0.087500,0.045013,0.129987,0.000000,0.000000,0.000000,0.167700,0.119131,0.216269,0.091900,0.060709,0.123091,0.102700,0.061708,0.143692,0.000000,0.000000,0.000000,0.039600,0.011567,0.067633,0.123100,0.075912,0.170288,0.000000,0.000000,0.000000,0.162500,0.106253,0.218747,0.000700,-0.000672,0.002072
10,0.088400,0.047655,0.129145,0.000000,0.000000,0.000000,0.139100,0.085729,0.192471,0.065700,0.037244,0.094156,0.000000,0.000000,0.000000,0.149300,0.093604,0.204996,0.139000,0.090532,0.187468,0.127900,0.082634,0.173166,0.000000,0.000000,0.000000,0.045400,0.016452,0.074348,0.116200,0.075934,0.156466,0.000000,0.000000,0.000000,0.125900,0.076457,0.175343,0.003100,-0.002976,0.009176
11,0.101000,0.055195,0.146805,0.000000,0.000000,0.000000,0.075000,0.033508,0.116492,0.112900,0.067618,0.158182,0.000000,0.000000,0.000000,0.080800,0.044247,0.117353,0.124300,0.078759,0.169841,0.121800,0.079043,0.164557,0.000000,0.000000,0.000000,0.045500,0.011956,0.079044,0.182000,0.124408,0.239592,0.000000,0.000000,0.000000,0.154300,0.100049,0.208551,0.002400,-0.002304,0.007104
12,0.115800,0.069190,0.162410,0.000000,0.000000,0.000000,0.075500,0.037463,0.113537,0.111200,0.063098,0.159302,0.000000,0.000000,0.000000,0.133800,0.079310,0.188290,0.109500,0.063196,0.155804,0.151600,0.099330,0.203870,0.000000,0.000000,0.000000,0.035500,0.010570,0.060430,0.103300,0.064036,0.142564,0.000000,0.000000,0.000000,0.156700,0.107698,0.205702,0.007100,-0.006816,0.021016
13,0.089000,0.047011,0.130989,0.000000,0.000000,0.000000,0.091300,0.051955,0.130645,0.104200,0.052354,0.156046,0.000000,0.000000,0.000000,0.087500,0.053666,0.121334,0.124700,0.072608,0.176792,0.124900,0.074843,0.174957,0.000000,0.000000,0.000000,0.054900,0.016421,0.093379,0.113100,0.065706,0.160494,0.000000,0.000000,0.000000,0.210400,0.137739,0.283061,0.000000,0.000000,0.000000
14,0.105300,0.054329,0.156271,0.000000,0.000000,0.000000,0.117600,0.073440,0.161760,0.126900,0.070535,0.183265,0.000000,0.000000,0.000000,0.148700,0.095879,0.201521,0.089200,0.046563,0.131837,0.137300,0.091236,0.183364,0.000000,0.000000,0.000000,0.056000,0.017453,0.094547,0.093700,0.052136,0.135264,0.000000,0.000000,0.000000,0.125300,0.082968,0.167632,0.000000,0.000000,0.000000
15,0.111000,0.059603,0.162397,0.000000,0.000000,0.000000,0.126800,0.073661,0.179939,0.086300,0.044656,0.127944,0.000000,0.000000,0.000000,0.116800,0.066346,0.167254,0.079400,0.041299,0.117501,0.130000,0.082323,0.177677,0.000000,0.000000,0.000000,0.039600,0.009433,0.069767,0.110500,0.069475,0.151525,0.000000,0.000000,0.000000,0.199600,0.130434,0.268766,0.000000,0.000000,0.000000
16,0.139100,0.074443,0.203757,0.000000,0.000000,0.000000,0.121700,0.068974,0.174426,0.108400,0.056583,0.160217,0.000000,0.000000,0.000000,0.098600,0.047896,0.149304,0.125100,0.075082,0.175118,0.132600,0.080981,0.184219,0.000000,0.000000,0.000000,0.035500,0.006971,0.064029,0.141900,0.089254,0.194546,0.000000,0.000000,0.000000,0.097100,0.055254,0.138946,0.000000,0.000000,0.000000
17,0.090900,0.049198,0.132602,0.000000,0.000000,0.000000,0.087300,0.042622,0.131978,0.145100,0.077791,0.212409,0.000000,0.000000,0.000000,0.065900,0.034868,0.096932,0.127200,0.073025,0.181375,0.151400,0.096310,0.206490,0.000000,0.000000,0.000000,0.054400,0.016938,0.091862,0.113800,0.057992,0.169608,0.000000,0.000000,0.000000,0.164000,0.102850,0.225150,0.000000,0.000000,0.000000
18,0.148900,0.083074,0.214726,0.000000,0.000000,0.000000,0.090000,0.044580,0.135420,0.113100,0.061336,0.164864,0.000000,0.000000,0.000000,0.126900,0.078162,0.175638,0.128400,0.074602,0.182198,0.099700,0.058121,0.141279,0.000000,0.000000,0.000000,0.046400,0.004245,0.088555,0.102800,0.048067,0.157533,0.000000,0.000000,0.000000,0.143800,0.085221,0.202379,0.000000,0.000000,0.000000
19,0.116000,0.058462,0.173538,0.000000,0.000000,0.000000,0.105500,0.061045,0.149955,0.117300,0.059532,0.175068,0.000000,0.000000,0.000000,0.119800,0.069531,0.170069,0.117900,0.070735,0.165065,0.130500,0.072215,0.188785,0.000000,0.000000,0.000000,0.014900,0.001505,0.028295,0.136900,0.077038,0.196762,0.000000,0.000000,0.000000,0.141200,0.088011,0.194389,0.000000,0.000000,0.000000
20,0.085600,0.037773,0.133427,0.000000,0.000000,0.000000,0.112700,0.059746,0.165654,0.071300,0.032312,0.110288,0.000000,0.000000,0.000000,0.159700,0.093318,0.226082,0.098500,0.053398,0.143602,0.159000,0.103500,0.214500,0.000000,0.000000,0.000000,0.032800,0.006396,0.059204,0.095100,0.048911,0.141289,0.000000,0.000000,0.000000,0.185300,0.116897,0.253703,0.000000,0.000000,0.000000
21,0.071100,0.039525,0.102675,0.000000,0.000000,0.000000,0.106500,0.050921,0.162079,0.114300,0.064219,0.164381,0.000000,0.000000,0.000000,0.096800,0.052649,0.140951,0.104300,0.056575,0.152025,0.168200,0.101693,0.234707,0.000000,0.000000,0.000000,0.050800,0.008747,0.092853,0.128100,0.069373,0.186827,0.000000,0.000000,0.000000,0.159900,0.100422,0.219378,0.000000,0.000000,0.000000
22,0.128800,0.070469,0.187131,0.000000,0.000000,0.000000,0.101600,0.056045,0.147155,0.111200,0.054245,0.168155,0.000000,0.000000,0.000000,0.116600,0.069026,0.164174,0.095600,0.052705,0.138495,0.121600,0.067115,0.176085,0.000000,0.000000,0.000000,0.039300,0.004623,0.073977,0.118400,0.061260,0.175540,0.000000,0.000000,0.000000,0.166900,0.109287,0.224513,0.000000,0.000000,0.000000
23,0.155100,0.090884,0.219316,0.000000,0.000000,0.000000,0.115200,0.056066,0.174334,0.071400,0.027266,0.115534,0.000000,0.000000,0.000000,0.120600,0.071518,0.169682,0.134100,0.073095,0.195105,0.099000,0.057917,0.140083,0.000000,0.000000,0.000000,0.041700,0.005703,0.077697,0.109300,0.057413,0.161187,0.000000,0.000000,0.000000,0.153600,0.093209,0.213991,0.000000,0.000000,0.000000
24,0.100200,0.046588,0.153812,0.000000,0.000000,0.000000,0.106600,0.051572,0.161628,0.095200,0.049875,0.140525,0.000000,0.000000,0.000000,0.119000,0.067464,0.170536,0.131600,0.074239,0.188961,0.179400,0.114643,0.244157,0.000000,0.000000,0.000000,0.035000,0.009315,0.060685,0.084600,0.038204,0.130996,0.000000,0.000000,0.000000,0.148400,0.083862,0.212938,0.000000,0.000000,0.000000
25,0.096500,0.049978,0.143022,0.000000,0.000000,0.000000,0.101200,0.053590,0.148810,0.112600,0.056057,0.169143,0.000000,0.000000,0.000000,0.136200,0.075580,0.196820,0.139700,0.073766,0.205634,0.124800,0.070309,0.179291,0.000000,0.000000,0.000000,0.051600,0.007725,0.095475,0.079500,0.038425,0.120575,0.000000,0.000000,0.000000,0.157900,0.098701,0.217099,0.000000,0.000000,0.000000
26,0.110900,0.061767,0.160033,0.000000,0.000000,0.000000,0.129800,0.061749,0.197851,0.097800,0.048444,0.147156,0.000000,0.000000,0.000000,0.135200,0.080081,0.190319,0.071100,0.037729,0.104471,0.148000,0.087457,0.208543,0.000000,0.000000,0.000000,0.039400,0.005887,0.072913,0.120400,0.059651,0.181149,0.000000,0.000000,0.000000,0.147400,0.090061,0.204739,0.000000,0.000000,0.000000
27,0.136500,0.074930,0.198070,0.000000,0.000000,0.000000,0.089500,0.040622,0.138378,0.089300,0.038615,0.139985,0.000000,0.000000,0.000000,0.112500,0.052663,0.172337,0.135300,0.078085,0.192515,0.148300,0.087774,0.208826,0.000000,0.000000,0.000000,0.042300,0.006121,0.078479,0.085000,0.046482,0.123518,0.000000,0.000000,0.000000,0.161300,0.095219,0.227381,0.000000,0.000000,0.000000
28,0.090300,0.039139,0.141461,0.000000,0.000000,0.000000,0.121400,0.065192,0.177608,0.093500,0.045536,0.141464,0.000000,0.000000,0.000000,0.134700,0.070040,0.199360,0.126200,0.068694,0.183706,0.138500,0.089372,0.187628,0.000000,0.000000,0.000000,0.041100,0.004242,0.077958,0.101900,0.053981,0.149819,0.000000,0.000000,0.000000,0.152400,0.088895,0.215905,0.000000,0.000000,0.000000
29,0.071300,0.034697,0.107903,0.000000,0.000000,0.000000,0.110300,0.049185,0.171415,0.096200,0.042825,0.149575,0.000000,0.000000,0.000000,0.118900,0.071709,0.166091,0.123100,0.068560,0.177640,0.183900,0.111561,0.256239,0.000000,0.000000,0.000000,0.026100,0.001290,0.050910,0.085800,0.036983,0.134617,0.000000,0.000000,0.000000,0.184400,0.117056,0.251744,0.000000,0.000000,0.000000
30,0.138400,0.072144,0.204656,0.000000,0.000000,0.000000,0.096400,0.038735,0.154065,0.082000,0.038481,0.125519,0.000000,0.000000,0.000000,0.125700,0.064917,0.186483,0.165700,0.098682,0.232718,0.111700,0.064056,0.159344,0.000000,0.000000,0.000000,0.038100,0.010222,0.065978,0.076000,0.029545,0.122455,0.000000,0.000000,0.000000,0.166000,0.105828,0.226172,0.000000,0.000000,0.000000
31,0.078200,0.032335,0.124065,0.000000,0.000000,0.000000,0.101500,0.047136,0.155864,0.110400,0.054708,0.166092,0.000000,0.000000,0.000000,0.133300,0.070344,0.196256,0.080100,0.029876,0.130324,0.136100,0.078761,0.193439,0.000000,0.000000,0.000000,0.079600,0.025397,0.133803,0.092500,0.042977,0.142023,0.000000,0.000000,0.000000,0.188300,0.119597,0.257003,0.000000,0.000000,0.000000
32,0.147600,0.079199,0.216001,0.000000,0.000000,0.000000,0.114200,0.053049,0.175351,0.056300,0.023483,0.089117,0.000000,0.000000,0.000000,0.130200,0.080328,0.180072,0.104800,0.055533,0.154067,0.156600,0.095307,0.217893,0.000000,0.000000,0.000000,0.036700,-0.000065,0.073465,0.110700,0.055953,0.165447,0.000000,0.000000,0.000000,0.142900,0.091697,0.194103,0.000000,0.000000,0.000000
33,0.066700,0.031228,0.102172,0.000000,0.000000,0.000000,0.099800,0.043516,0.156084,0.083400,0.038510,0.128290,0.000000,0.000000,0.000000,0.157100,0.087534,0.226666,0.107100,0.057917,0.156283,0.151600,0.086931,0.216269,0.000000,0.000000,0.000000,0.024500,0.000880,0.048120,0.108800,0.053074,0.164526,0.000000,0.000000,0.000000,0.201000,0.129751,0.272249,0.000000,0.000000,0.000000
34,0.127600,0.063915,0.191285,0.000000,0.000000,0.000000,0.077900,0.025682,0.130118,0.132700,0.065095,0.200305,0.000000,0.000000,0.000000,0.093700,0.047983,0.139417,0.156000,0.090669,0.221331,0.118600,0.065640,0.171560,0.000000,0.000000,0.000000,0.028100,0.007104,0.049096,0.101800,0.048011,0.155589,0.000000,0.000000,0.000000,0.163600,0.094021,0.233179,0.000000,0.000000,0.000000
35,0.141500,0.069864,0.213136,0.000000,0.000000,0.000000,0.085900,0.033755,0.138045,0.089100,0.034757,0.143443,0.000000,0.000000,0.000000,0.140000,0.079444,0.200556,0.101000,0.055956,0.146044,0.148500,0.083541,0.213459,0.000000,0.000000,0.000000,0.046100,0.011787,0.080413,0.093500,0.047141,0.139859,0.000000,0.000000,0.000000,0.154400,0.101714,0.207086,0.000000,0.000000,0.000000
36,0.095700,0.042428,0.148972,0.000000,0.000000,0.000000,0.093600,0.044977,0.142223,0.091700,0.044048,0.139352,0.000000,0.000000,0.000000,0.124200,0.068344,0.180056,0.160600,0.091976,0.229224,0.125300,0.066175,0.184425,0.000000,0.000000,0.000000,0.059100,0.011764,0.106436,0.065100,0.024733,0.105467,0.000000,0.000000,0.000000,0.184700,0.116209,0.253191,0.000000,0.000000,0.000000
37,0.095100,0.040361,0.149839,0.000000,0.000000,0.000000,0.123500,0.060223,0.186777,0.091200,0.036855,0.145545,0.000000,0.000000,0.000000,0.144600,0.076665,0.212535,0.123400,0.061957,0.184843,0.159300,0.094990,0.223610,0.000000,0.000000,0.000000,0.047400,0.007204,0.087596,0.089200,0.042489,0.135911,0.000000,0.000000,0.000000,0.126300,0.074110,0.178490,0.000000,0.000000,0.000000
38,0.105600,0.046071,0.165129,0.000000,0.000000,0.000000,0.075000,0.031915,0.118085,0.073200,0.030584,0.115816,0.000000,0.000000,0.000000,0.148700,0.088315,0.209085,0.129400,0.068098,0.190702,0.141200,0.074223,0.208177,0.000000,0.000000,0.000000,0.060500,0.010108,0.110892,0.096500,0.045880,0.147120,0.000000,0.000000,0.000000,0.169900,0.103717,0.236083,0.000000,0.000000,0.000000
39,0.065300,0.024544,0.106056,0.000000,0.000000,0.000000,0.091200,0.038577,0.143823,0.115600,0.052485,0.178715,0.000000,0.000000,0.000000,0.140500,0.081806,0.199194,0.125100,0.073026,0.177174,0.118400,0.058705,0.178095,0.000000,0.000000,0.000000,0.058000,0.014303,0.101697,0.107600,0.053490,0.161710,0.000000,0.000000,0.000000,0.178300,0.107647,0.248953,0.000000,0.000000,0.000000
40,0.101100,0.043039,0.159161,0.000000,0.000000,0.000000,0.099500,0.042268,0.156732,0.104000,0.045951,0.162049,0.000000,0.000000,0.000000,0.120100,0.061948,0.178252,0.161800,0.086016,0.237584,0.112100,0.065332,0.158868,0.000000,0.000000,0.000000,0.028300,0.005279,0.051321,0.106600,0.053147,0.160053,0.000000,0.000000,0.000000,0.166500,0.106477,0.226523,0.000000,0.000000,0.000000
41,0.138700,0.067270,0.210130,0.000000,0.000000,0.000000,0.110300,0.048954,0.171646,0.075900,0.035061,0.116739,0.000000,0.000000,0.000000,0.109400,0.059443,0.159357,0.129400,0.073486,0.185314,0.145000,0.080211,0.209789,0.000000,0.000000,0.000000,0.046000,0.007097,0.084903,0.112900,0.060376,0.165424,0.000000,0.000000,0.000000,0.132400,0.072016,0.192784,0.000000,0.000000,0.000000
42,0.077100,0.027584,0.126616,0.000000,0.000000,0.000000,0.131900,0.064378,0.199422,0.096300,0.038938,0.153662,0.000000,0.000000,0.000000,0.125800,0.071369,0.180231,0.142800,0.079865,0.205735,0.110400,0.056388,0.164412,0.000000,0.000000,0.000000,0.076300,0.017165,0.135435,0.112900,0.051587,0.174213,0.000000,0.000000,0.000000,0.126500,0.072841,0.180159,0.000000,0.000000,0.000000
43,0.065700,0.021812,0.109588,0.000000,0.000000,0.000000,0.114800,0.052790,0.176810,0.109700,0.049229,0.170171,0.000000,0.000000,0.000000,0.134600,0.066758,0.202442,0.116400,0.055949,0.176851,0.137900,0.073204,0.202596,0.000000,0.000000,0.000000,0.060000,0.013125,0.106875,0.091300,0.040531,0.142069,0.000000,0.000000,0.000000,0.169600,0.105051,0.234149,0.000000,0.000000,0.000000
44,0.144800,0.075951,0.213649,0.000000,0.000000,0.000000,0.094500,0.044942,0.144058,0.083300,0.036210,0.130390,0.000000,0.000000,0.000000,0.095600,0.050764,0.140436,0.109900,0.056549,0.163251,0.140700,0.074177,0.207223,0.000000,0.000000,0.000000,0.033500,0.002687,0.064313,0.118300,0.061760,0.174840,0.000000,0.000000,0.000000,0.179400,0.111772,0.247028,0.000000,0.000000,0.000000
45,0.068500,0.023943,0.113057,0.000000,0.000000,0.000000,0.087500,0.039186,0.135814,0.126200,0.057635,0.194765,0.000000,0.000000,0.000000,0.152000,0.083378,0.220622,0.119200,0.068121,0.170279,0.116500,0.056733,0.176267,0.000000,0.000000,0.000000,0.031400,0.006166,0.056634,0.116800,0.054360,0.179240,0.000000,0.000000,0.000000,0.181900,0.111062,0.252738,0.000000,0.000000,0.000000
46,0.071100,0.031060,0.111140,0.000000,0.000000,0.000000,0.102700,0.037046,0.168354,0.080900,0.034295,0.127505,0.000000,0.000000,0.000000,0.114000,0.054833,0.173167,0.158000,0.084996,0.231004,0.107400,0.047980,0.166820,0.000000,0.000000,0.000000,0.062900,0.014017,0.111783,0.104700,0.051794,0.157606,0.000000,0.000000,0.000000,0.198300,0.120054,0.276546,0.000000,0.000000,0.000000
47,0.101900,0.045193,0.158607,0.000000,0.000000,0.000000,0.088000,0.036510,0.139490,0.108300,0.050508,0.166092,0.000000,0.000000,0.000000,0.116800,0.057966,0.175634,0.125600,0.064931,0.186269,0.110500,0.056907,0.164093,0.000000,0.000000,0.000000,0.061900,0.011732,0.112068,0.120500,0.061831,0.179169,0.000000,0.000000,0.000000,0.166500,0.099737,0.233263,0.000000,0.000000,0.000000
48,0.053600,0.019966,0.087234,0.000000,0.000000,0.000000,0.093400,0.045318,0.141482,0.113200,0.045849,0.180551,0.000000,0.000000,0.000000,0.122100,0.059997,0.184203,0.155500,0.091693,0.219307,0.121600,0.059451,0.183749,0.000000,0.000000,0.000000,0.052000,0.010071,0.093929,0.126000,0.062177,0.189823,0.000000,0.000000,0.000000,0.162600,0.096298,0.228902,0.000000,0.000000,0.000000
49,0.123000,0.057544,0.188456,0.000000,0.000000,0.000000,0.113700,0.052699,0.174701,0.093100,0.038441,0.147759,0.000000,0.000000,0.000000,0.122700,0.064724,0.180676,0.129400,0.070336,0.188464,0.162600,0.087838,0.237362,0.000000,0.000000,0.000000,0.035500,0.004245,0.066755,0.078000,0.032229,0.123771,0.000000,0.000000,0.000000,0.142000,0.080329,0.203671,0.000000,0.000000,0.000000
50,0.096700,0.039688,0.153712,0.000000,0.000000,0.000000,0.146000,0.074219,0.217781,0.063200,0.021704,0.104696,0.000000,0.000000,0.000000,0.172100,0.099214,0.244986,0.118900,0.059969,0.177831,0.086900,0.045929,0.127871,0.000000,0.000000,0.000000,0.040500,0.002328,0.078672,0.098000,0.044809,0.151191,0.000000,0.000000,0.000000,0.177700,0.106288,0.249112,0.000000,0.000000,0.000000
51,0.102200,0.043844,0.160556,0.000000,0.000000,0.000000,0.101800,0.043581,0.160019,0.090900,0.042144,0.139656,0.000000,0.000000,0.000000,0.139100,0.072315,0.205885,0.135300,0.073704,0.196896,0.113600,0.053211,0.173989,0.000000,0.000000,0.000000,0.060300,0.016197,0.104403,0.107600,0.052716,0.162484,0.000000,0.000000,0.000000,0.149200,0.088800,0.209600,0.000000,0.000000,0.000000
52,0.053000,0.016038,0.089962,0.000000,0.000000,0.000000,0.098800,0.045558,0.152042,0.083100,0.034455,0.131745,0.000000,0.000000,0.000000,0.097700,0.044532,0.150868,0.174300,0.099340,0.249260,0.110700,0.052711,0.168689,0.000000,0.000000,0.000000,0.027500,0.001041,0.053959,0.123500,0.061778,0.185222,0.000000,0.000000,0.000000,0.231400,0.150424,0.312376,0.000000,0.000000,0.000000
53,0.090900,0.040452,0.141348,0.000000,0.000000,0.000000,0.126000,0.057627,0.194373,0.103800,0.043779,0.163821,0.000000,0.000000,0.000000,0.108200,0.055122,0.161278,0.141500,0.073759,0.209241,0.127000,0.066918,0.187082,0.000000,0.000000,0.000000,0.036700,0.000122,0.073278,0.071900,0.025892,0.117908,0.000000,0.000000,0.000000,0.194000,0.115857,0.272143,0.000000,0.000000,0.000000
54,0.083700,0.027555,0.139845,0.000000,0.000000,0.000000,0.109800,0.045078,0.174522,0.124600,0.051069,0.198131,0.000000,0.000000,0.000000,0.126800,0.066676,0.186924,0.137500,0.070790,0.204210,0.122200,0.058552,0.185848,0.000000,0.000000,0.000000,0.038100,0.007603,0.068597,0.107100,0.052486,0.161714,0.000000,0.000000,0.000000,0.150200,0.091779,0.208621,0.000000,0.000000,0.000000
55,0.076600,0.032022,0.121178,0.000000,0.000000,0.000000,0.142100,0.070197,0.214003,0.098300,0.045806,0.150794,0.000000,0.000000,0.000000,0.113200,0.055267,0.171133,0.091400,0.046668,0.136132,0.127600,0.064384,0.190816,0.000000,0.000000,0.000000,0.062000,0.019357,0.104643,0.120100,0.060043,0.180157,0.000000,0.000000,0.000000,0.168700,0.101205,0.236195,0.000000,0.000000,0.000000
56,0.090300,0.032319,0.148281,0.000000,0.000000,0.000000,0.091400,0.042453,0.140347,0.094900,0.037433,0.152367,0.000000,0.000000,0.000000,0.124100,0.064193,0.184007,0.144700,0.079514,0.209886,0.123000,0.060316,0.185684,0.000000,0.000000,0.000000,0.059800,0.006563,0.113037,0.132700,0.065308,0.200092,0.000000,0.000000,0.000000,0.139100,0.075751,0.202449,0.000000,0.000000,0.000000
57,0.077400,0.027154,0.127646,0.000000,0.000000,0.000000,0.108100,0.047049,0.169151,0.126900,0.060597,0.193203,0.000000,0.000000,0.000000,0.120700,0.060149,0.181251,0.134900,0.068733,0.201067,0.126000,0.064140,0.187860,0.000000,0.000000,0.000000,0.056800,0.010555,0.103045,0.089200,0.040867,0.137533,0.000000,0.000000,0.000000,0.160000,0.094536,0.225464,0.000000,0.000000,0.000000
58,0.091400,0.038343,0.144457,0.000000,0.000000,0.000000,0.119600,0.056141,0.183059,0.073100,0.025999,0.120201,0.000000,0.000000,0.000000,0.143900,0.074200,0.213600,0.106200,0.055015,0.157385,0.130800,0.066359,0.195241,0.000000,0.000000,0.000000,0.042800,0.005243,0.080357,0.148900,0.080011,0.217789,0.000000,0.000000,0.000000,0.143300,0.086764,0.199836,0.000000,0.000000,0.000000
59,0.072800,0.022450,0.123150,0.000000,0.000000,0.000000,0.126400,0.059041,0.193759,0.120300,0.056049,0.184551,0.000000,0.000000,0.000000,0.119700,0.060211,0.179189,0.142200,0.074715,0.209685,0.106600,0.046695,0.166505,0.000000,0.000000,0.000000,0.032000,0.004200,0.059800,0.101800,0.043634,0.159966,0.000000,0.000000,0.000000,0.178200,0.106788,0.249612,0.000000,0.000000,0.000000
60,0.087600,0.035090,0.140110,0.000000,0.000000,0.000000,0.143700,0.074335,0.213065,0.090200,0.034329,0.146071,0.000000,0.000000,0.000000,0.131800,0.067703,0.195897,0.115700,0.054923,0.176477,0.132100,0.071019,0.193181,0.000000,0.000000,0.000000,0.042900,0.008466,0.077334,0.088900,0.036760,0.141040,0.000000,0.000000,0.000000,0.167100,0.095034,0.239166,0.000000,0.000000,0.000000
61,0.081500,0.028737,0.134263,0.000000,0.000000,0.000000,0.118200,0.050352,0.186048,0.082500,0.035109,0.129891,0.000000,0.000000,0.000000,0.120000,0.060947,0.179053,0.076000,0.036713,0.115287,0.151100,0.080414,0.221786,0.000000,0.000000,0.000000,0.054100,0.012880,0.095320,0.130400,0.063265,0.197535,0.000000,0.000000,0.000000,0.186200,0.112349,0.260051,0.000000,0.000000,0.000000
62,0.066300,0.023589,0.109011,0.000000,0.000000,0.000000,0.127000,0.062735,0.191265,0.076800,0.027707,0.125893,0.000000,0.000000,0.000000,0.126600,0.064031,0.189169,0.127000,0.062800,0.191200,0.117100,0.053880,0.180320,0.000000,0.000000,0.000000,0.066800,0.020415,0.113185,0.102700,0.048745,0.156655,0.000000,0.000000,0.000000,0.189700,0.113221,0.266179,0.000000,0.000000,0.000000
63,0.071400,0.028576,0.114224,0.000000,0.000000,0.000000,0.121400,0.058186,0.184614,0.084200,0.035527,0.132873,0.000000,0.000000,0.000000,0.108000,0.049179,0.166821,0.063800,0.027845,0.099755,0.155900,0.076739,0.235061,0.000000,0.000000,0.000000,0.066300,0.010967,0.121633,0.130700,0.060534,0.200866,0.000000,0.000000,0.000000,0.198300,0.117479,0.279121,0.000000,0.000000,0.000000
64,0.094500,0.032326,0.156674,0.000000,0.000000,0.000000,0.098400,0.039399,0.157401,0.092100,0.038657,0.145543,0.000000,0.000000,0.000000,0.158200,0.085549,0.230851,0.104600,0.051243,0.157957,0.129100,0.064798,0.193402,0.000000,0.000000,0.000000,0.044200,0.005235,0.083165,0.105900,0.048237,0.163563,0.000000,0.000000,0.000000,0.173000,0.097797,0.248203,0.000000,0.000000,0.000000
65,0.055900,0.016837,0.094963,0.000000,0.000000,0.000000,0.137000,0.065853,0.208147,0.064100,0.015350,0.112850,0.000000,0.000000,0.000000,0.162900,0.089731,0.236069,0.132000,0.066368,0.197632,0.134000,0.065196,0.202804,0.000000,0.000000,0.000000,0.059300,0.013331,0.105269,0.085200,0.037063,0.133337,0.000000,0.000000,0.000000,0.169600,0.104051,0.235149,0.000000,0.000000,0.000000
66,0.076400,0.025016,0.127784,0.000000,0.000000,0.000000,0.146500,0.072836,0.220164,0.074500,0.031405,0.117595,0.000000,0.000000,0.000000,0.135700,0.064457,0.206943,0.158500,0.086790,0.230210,0.099400,0.039970,0.158830,0.000000,0.000000,0.000000,0.048100,0.009277,0.086923,0.101000,0.047057,0.154943,0.000000,0.000000,0.000000,0.159900,0.095035,0.224765,0.000000,0.000000,0.000000
67,0.051200,0.012310,0.090090,0.000000,0.000000,0.000000,0.069500,0.021068,0.117932,0.117400,0.049973,0.184827,0.000000,0.000000,0.000000,0.131100,0.066515,0.195685,0.118400,0.049683,0.187117,0.088600,0.034864,0.142336,0.000000,0.000000,0.000000,0.062600,0.012234,0.112966,0.133800,0.066417,0.201183,0.000000,0.000000,0.000000,0.227400,0.141009,0.313791,0.000000,0.000000,0.000000
68,0.093400,0.037377,0.149423,0.000000,0.000000,0.000000,0.096000,0.039537,0.152463,0.074000,0.025133,0.122867,0.000000,0.000000,0.000000,0.129600,0.065173,0.194027,0.143500,0.075256,0.211744,0.104700,0.052700,0.156700,0.000000,0.000000,0.000000,0.058500,0.014841,0.102159,0.114500,0.053297,0.175703,0.000000,0.000000,0.000000,0.185800,0.114488,0.257112,0.000000,0.000000,0.000000
69,0.064900,0.018647,0.111153,0.000000,0.000000,0.000000,0.127200,0.061988,0.192412,0.084000,0.033171,0.134829,0.000000,0.000000,0.000000,0.160300,0.079821,0.240779,0.136800,0.070857,0.202743,0.115400,0.054794,0.176006,0.000000,0.000000,0.000000,0.061900,0.012776,0.111024,0.126200,0.058775,0.193625,0.000000,0.000000,0.000000,0.123300,0.059300,0.187300,0.000000,0.000000,0.000000
70,0.080600,0.027120,0.134080,0.000000,0.000000,0.000000,0.094900,0.039004,0.150796,0.111100,0.046227,0.175973,0.000000,0.000000,0.000000,0.144800,0.075283,0.214317,0.128500,0.058281,0.198719,0.169100,0.092392,0.245808,0.000000,0.000000,0.000000,0.039500,0.006096,0.072904,0.076600,0.025472,0.127728,0.000000,0.000000,0.000000,0.154900,0.087815,0.221985,0.000000,0.000000,0.000000
71,0.108600,0.046545,0.170655,0.000000,0.000000,0.000000,0.073600,0.028450,0.118750,0.119900,0.056149,0.183651,0.000000,0.000000,0.000000,0.126300,0.057863,0.194737,0.133500,0.064172,0.202828,0.089900,0.034452,0.145348,0.000000,0.000000,0.000000,0.039600,0.009594,0.069606,0.107400,0.046832,0.167968,0.000000,0.000000,0.000000,0.201200,0.124530,0.277870,0.000000,0.000000,0.000000
72,0.066700,0.019593,0.113807,0.000000,0.000000,0.000000,0.113900,0.049727,0.178073,0.054900,0.011620,0.098180,0.000000,0.000000,0.000000,0.119200,0.057818,0.180582,0.169700,0.091772,0.247628,0.134800,0.069004,0.200596,0.000000,0.000000,0.000000,0.056800,0.012815,0.100785,0.088400,0.040192,0.136608,0.000000,0.000000,0.000000,0.195600,0.117884,0.273316,0.000000,0.000000,0.000000
73,0.086000,0.034436,0.137564,0.000000,0.000000,0.000000,0.130300,0.062981,0.197619,0.095700,0.042039,0.149361,0.000000,0.000000,0.000000,0.146500,0.073630,0.219370,0.120200,0.053913,0.186487,0.085300,0.034296,0.136304,0.000000,0.000000,0.000000,0.054900,0.012570,0.097230,0.134700,0.060859,0.208541,0.000000,0.000000,0.000000,0.146400,0.083585,0.209215,0.000000,0.000000,0.000000
74,0.101000,0.038797,0.163203,0.000000,0.000000,0.000000,0.154500,0.082724,0.226276,0.090700,0.030275,0.151125,0.000000,0.000000,0.000000,0.105600,0.053183,0.158017,0.120900,0.057740,0.184060,0.113800,0.056942,0.170658,0.000000,0.000000,0.000000,0.038100,0.002082,0.074118,0.108100,0.052209,0.163991,0.000000,0.000000,0.000000,0.167300,0.098095,0.236505,0.000000,0.000000,0.000000
75,0.070200,0.025142,0.115258,0.000000,0.000000,0.000000,0.107700,0.048034,0.167366,0.087000,0.033877,0.140123,0.000000,0.000000,0.000000,0.114000,0.052824,0.175176,0.112500,0.047319,0.177681,0.166600,0.084484,0.248716,0.000000,0.000000,0.000000,0.043000,0.001938,0.084062,0.115400,0.044892,0.185908,0.000000,0.000000,0.000000,0.183600,0.107578,0.259622,0.000000,0.000000,0.000000
76,0.085800,0.031465,0.140135,0.000000,0.000000,0.000000,0.089600,0.033867,0.145333,0.091500,0.032106,0.150894,0.000000,0.000000,0.000000,0.132800,0.064873,0.200727,0.142200,0.075215,0.209185,0.172600,0.094351,0.250849,0.000000,0.000000,0.000000,0.053500,0.012763,0.094237,0.076500,0.028597,0.124403,0.000000,0.000000,0.000000,0.155500,0.084424,0.226576,0.000000,0.000000,0.000000
77,0.092900,0.035529,0.150271,0.000000,0.000000,0.000000,0.114800,0.055722,0.173878,0.083000,0.029285,0.136715,0.000000,0.000000,0.000000,0.114400,0.055885,0.172915,0.127700,0.062192,0.193208,0.089800,0.039733,0.139867,0.000000,0.000000,0.000000,0.054600,0.012920,0.096280,0.105100,0.045319,0.164881,0.000000,0.000000,0.000000,0.217700,0.137766,0.297634,0.000000,0.000000,0.000000
78,0.085200,0.030679,0.139721,0.000000,0.000000,0.000000,0.147900,0.073893,0.221907,0.087300,0.024192,0.150408,0.000000,0.000000,0.000000,0.124200,0.064930,0.183470,0.132400,0.065280,0.199520,0.128400,0.058680,0.198120,0.000000,0.000000,0.000000,0.042900,0.005200,0.080600,0.092300,0.030405,0.154195,0.000000,0.000000,0.000000,0.159400,0.090772,0.228028,0.000000,0.000000,0.000000
79,0.070500,0.023655,0.117345,0.000000,0.000000,0.000000,0.125600,0.057955,0.193245,0.069200,0.020931,0.117469,0.000000,0.000000,0.000000,0.140600,0.073345,0.207855,0.134400,0.065082,0.203718,0.122200,0.054859,0.189541,0.000000,0.000000,0.000000,0.044100,0.003197,0.085003,0.085600,0.031633,0.139567,0.000000,0.000000,0.000000,0.207800,0.130485,0.285115,0.000000,0.000000,0.000000
80,0.070400,0.023919,0.116881,0.000000,0.000000,0.000000,0.122100,0.058203,0.185997,0.098900,0.038375,0.159425,0.000000,0.000000,0.000000,0.092000,0.038552,0.145448,0.116700,0.052970,0.180430,0.130500,0.064566,0.196434,0.000000,0.000000,0.000000,0.067600,0.017675,0.117525,0.105700,0.045668,0.165732,0.000000,0.000000,0.000000,0.196100,0.114863,0.277337,0.000000,0.000000,0.000000
81,0.084500,0.027984,0.141016,0.000000,0.000000,0.000000,0.092900,0.036904,0.148896,0.070300,0.015864,0.124736,0.000000,0.000000,0.000000,0.145000,0.078820,0.211180,0.113500,0.054965,0.172035,0.154800,0.077835,0.231765,0.000000,0.000000,0.000000,0.044100,0.006806,0.081394,0.107500,0.037315,0.177685,0.000000,0.000000,0.000000,0.187400,0.109126,0.265674,0.000000,0.000000,0.000000
82,0.062800,0.020350,0.105250,0.000000,0.000000,0.000000,0.156000,0.075338,0.236662,0.092100,0.037584,0.146616,0.000000,0.000000,0.000000,0.173300,0.090409,0.256191,0.107900,0.049619,0.166181,0.121600,0.059536,0.183664,0.000000,0.000000,0.000000,0.082200,0.024632,0.139768,0.079600,0.029485,0.129715,0.000000,0.000000,0.000000,0.124500,0.071202,0.177798,0.000000,0.000000,0.000000
83,0.068500,0.023640,0.113360,0.000000,0.000000,0.000000,0.138400,0.069449,0.207351,0.080700,0.022369,0.139031,0.000000,0.000000,0.000000,0.131300,0.067191,0.195409,0.138800,0.070394,0.207206,0.126700,0.065059,0.188341,0.000000,0.000000,0.000000,0.060900,0.011987,0.109813,0.086100,0.030609,0.141591,0.000000,0.000000,0.000000,0.168600,0.095053,0.242147,0.000000,0.000000,0.000000
84,0.057600,0.012160,0.103040,0.000000,0.000000,0.000000,0.124600,0.052892,0.196308,0.089500,0.035482,0.143518,0.000000,0.000000,0.000000,0.102100,0.050874,0.153326,0.134100,0.063943,0.204257,0.170300,0.092399,0.248201,0.000000,0.000000,0.000000,0.072900,0.017907,0.127893,0.071700,0.021230,0.122170,0.000000,0.000000,0.000000,0.177200,0.100475,0.253925,0.000000,0.000000,0.000000
85,0.088500,0.027607,0.149393,0.000000,0.000000,0.000000,0.119200,0.050596,0.187804,0.084400,0.027635,0.141165,0.000000,0.000000,0.000000,0.118900,0.056242,0.181558,0.120400,0.053518,0.187282,0.175300,0.091046,0.259554,0.000000,0.000000,0.000000,0.039500,0.006106,0.072894,0.095100,0.034178,0.156022,0.000000,0.000000,0.000000,0.158700,0.088528,0.228872,0.000000,0.000000,0.000000
86,0.077000,0.026329,0.127671,0.000000,0.000000,0.000000,0.135800,0.072786,0.198814,0.109800,0.044140,0.175460,0.000000,0.000000,0.000000,0.154100,0.080008,0.228192,0.125800,0.054448,0.197152,0.128200,0.065003,0.191397,0.000000,0.000000,0.000000,0.052300,0.005248,0.099352,0.073200,0.026956,0.119444,0.000000,0.000000,0.000000,0.143800,0.085452,0.202148,0.000000,0.000000,0.000000
87,0.038800,0.006312,0.071288,0.000000,0.000000,0.000000,0.120600,0.052116,0.189084,0.114500,0.047669,0.181331,0.000000,0.000000,0.000000,0.161300,0.084704,0.237896,0.146200,0.068673,0.223727,0.124600,0.063553,0.185647,0.000000,0.000000,0.000000,0.048700,0.007676,0.089724,0.066700,0.015817,0.117583,0.000000,0.000000,0.000000,0.178600,0.108385,0.248815,0.000000,0.000000,0.000000
88,0.046000,0.012860,0.079140,0.000000,0.000000,0.000000,0.122800,0.064211,0.181389,0.128500,0.052453,0.204547,0.000000,0.000000,0.000000,0.128100,0.064917,0.191283,0.087000,0.037323,0.136677,0.151700,0.071584,0.231816,0.000000,0.000000,0.000000,0.069300,0.016732,0.121868,0.091600,0.028832,0.154368,0.000000,0.000000,0.000000,0.175000,0.094503,0.255497,0.000000,0.000000,0.000000
89,0.065700,0.014900,0.116500,0.000000,0.000000,0.000000,0.108000,0.044871,0.171129,0.090300,0.033277,0.147323,0.000000,0.000000,0.000000,0.139500,0.064788,0.214212,0.129400,0.059982,0.198818,0.113500,0.051140,0.175860,0.000000,0.000000,0.000000,0.084000,0.021686,0.146314,0.094800,0.035545,0.154055,0.000000,0.000000,0.000000,0.174800,0.100594,0.249006,0.000000,0.000000,0.000000
90,0.074300,0.027828,0.120772,0.000000,0.000000,0.000000,0.129600,0.063974,0.195226,0.086200,0.033289,0.139111,0.000000,0.000000,0.000000,0.171900,0.088858,0.254942,0.134400,0.063287,0.205513,0.124800,0.065060,0.184540,0.000000,0.000000,0.000000,0.038500,0.005782,0.071218,0.095200,0.032201,0.158199,0.000000,0.000000,0.000000,0.145100,0.085822,0.204378,0.000000,0.000000,0.000000
91,0.051100,0.011970,0.090230,0.000000,0.000000,0.000000,0.140300,0.063796,0.216804,0.088400,0.028680,0.148120,0.000000,0.000000,0.000000,0.112900,0.048539,0.177261,0.119500,0.059136,0.179864,0.130100,0.059315,0.200885,0.000000,0.000000,0.000000,0.068800,0.016120,0.121480,0.079300,0.027085,0.131515,0.000000,0.000000,0.000000,0.209600,0.122690,0.296510,0.000000,0.000000,0.000000
92,0.074500,0.021021,0.127979,0.000000,0.000000,0.000000,0.173100,0.091562,0.254638,0.094500,0.034997,0.154003,0.000000,0.000000,0.000000,0.131500,0.062995,0.200005,0.084300,0.034410,0.134190,0.128000,0.064202,0.191798,0.000000,0.000000,0.000000,0.051900,0.010917,0.092883,0.103100,0.035173,0.171027,0.000000,0.000000,0.000000,0.159100,0.086039,0.232161,0.000000,0.000000,0.000000
93,0.065100,0.022186,0.108014,0.000000,0.000000,0.000000,0.125500,0.060172,0.190828,0.096800,0.041194,0.152406,0.000000,0.000000,0.000000,0.130600,0.061003,0.200197,0.152300,0.078658,0.225942,0.084700,0.041621,0.127779,0.000000,0.000000,0.000000,0.057700,0.007357,0.108043,0.103500,0.043041,0.163959,0.000000,0.000000,0.000000,0.183800,0.107743,0.259857,0.000000,0.000000,0.000000
94,0.083100,0.025638,0.140562,0.000000,0.000000,0.000000,0.089000,0.033343,0.144657,0.064800,0.007017,0.122583,0.000000,0.000000,0.000000,0.189400,0.104410,0.274390,0.123600,0.057906,0.189294,0.137000,0.068035,0.205965,0.000000,0.000000,0.000000,0.049300,0.013886,0.084714,0.108100,0.037070,0.179130,0.000000,0.000000,0.000000,0.155700,0.085068,0.226332,0.000000,0.000000,0.000000
95,0.047600,0.010254,0.084946,0.000000,0.000000,0.000000,0.136600,0.068641,0.204559,0.080200,0.028394,0.132006,0.000000,0.000000,0.000000,0.141900,0.071886,0.211914,0.126800,0.065677,0.187923,0.087000,0.040668,0.133332,0.000000,0.000000,0.000000,0.079800,0.018028,0.141572,0.117600,0.045529,0.189671,0.000000,0.000000,0.000000,0.182500,0.106605,0.258395,0.000000,0.000000,0.000000
96,0.076000,0.020849,0.131151,0.000000,0.000000,0.000000,0.108100,0.045772,0.170428,0.081900,0.029156,0.134644,0.000000,0.000000,0.000000,0.139300,0.070549,0.208051,0.143900,0.067853,0.219947,0.147300,0.077059,0.217541,0.000000,0.000000,0.000000,0.037000,0.007313,0.066687,0.104700,0.040027,0.169373,0.000000,0.000000,0.000000,0.161800,0.087702,0.235898,0.000000,0.000000,0.000000
97,0.087200,0.033279,0.141121,0.000000,0.000000,0.000000,0.138500,0.063359,0.213641,0.071400,0.022101,0.120699,0.000000,0.000000,0.000000,0.128100,0.059060,0.197140,0.134900,0.068363,0.201437,0.077800,0.035885,0.119715,0.000000,0.000000,0.000000,0.078200,0.019364,0.137036,0.117600,0.051085,0.184115,0.000000,0.000000,0.000000,0.166300,0.097023,0.235577,0.000000,0.000000,0.000000
98,0.081300,0.020419,0.142181,0.000000,0.000000,0.000000,0.143000,0.066859,0.219141,0.076500,0.018965,0.134035,0.000000,0.000000,0.000000,0.140600,0.067548,0.213652,0.067900,0.022764,0.113036,0.135000,0.069017,0.200983,0.000000,0.000000,0.000000,0.062400,0.010886,0.113914,0.107100,0.039364,0.174836,0.000000,0.000000,0.000000,0.186200,0.102177,0.270223,0.000000,0.000000,0.000000
99,0.077300,0.023391,0.131209,0.000000,0.000000,0.000000,0.092900,0.043677,0.142123,0.083000,0.032164,0.133836,0.000000,0.000000,0.000000,0.176400,0.096856,0.255944,0.134000,0.067824,0.200176,0.156800,0.080842,0.232758,0.000000,0.000000,0.000000,0.068200,0.018917,0.117483,0.085900,0.028377,0.143423,0.000000,0.000000,0.000000,0.125500,0.066968,0.184032,0.000000,0.000000,0.000000
